x,signal
0.0,0.0
0.0004885197850512946,6.109480457896015e-5
0.0009770395701025891,0.0002443792183158406
0.0014655593551538837,0.0005498532412106413
0.0019540791402051783,0.0009775168732633623
0.002442598925256473,0.0015273701144740035
0.0029311187103077674,0.002199412964842565
0.003419638495359062,0.002993645424369047
0.0039081582804103565,0.003910067493053449
0.004396678065461651,0.004948679170895772
0.004885197850512946,0.006109480457896014
0.00537371763556424,0.007392471354054177
0.005862237420615535,0.00879765185937026
0.006350757205666829,0.010325021973844264
0.006839276990718124,0.011974581697476188
0.0073277967757694185,0.013746331030266032
0.007816316560820713,0.015640269972213797
0.008304836345872008,0.01765639852331948
0.008793356130923302,0.019794716683583086
0.009281875915974597,0.02205522445300461
0.009770395701025891,0.024437921831584056
0.010258915486077186,0.026942808819321422
0.01074743527112848,0.029569885416216708
0.011235955056179775,0.032319151622269914
0.01172447484123107,0.03519060743748104
0.012212994626282364,0.038184252861850086
0.012701514411333659,0.041300087895377056
0.013190034196384953,0.04453811253806194
0.013678553981436248,0.04789832678990475
0.014167073766487542,0.051380730650905475
0.014655593551538837,0.054985324121064126
0.015144113336590131,0.05871210720038069
0.015632633121641426,0.06256107988885519
0.01612115290669272,0.0665322421864876
0.016609672691744015,0.07062559409327793
0.01709819247679531,0.07484113560922617
0.017586712261846604,0.07917886673433235
0.0180752320468979,0.08363878746859643
0.018563751831949193,0.08822089781201845
0.019052271617000488,0.09292519776459837
0.019540791402051783,0.09775168732633623
0.020029311187103077,0.10270036649723199
0.02051783097215437,0.10777123527728569
0.021006350757205666,0.1129642936664973
0.02149487054225696,0.11827954166486683
0.021983390327308255,0.12371697927239428
0.02247191011235955,0.12927660648907965
0.022960429897410845,0.13495842331492294
0.02344894968246214,0.14076242974992417
0.023937469467513434,0.1466886257940833
0.024425989252564728,0.15273701144740034
0.024914509037616023,0.15890758670987531
0.025403028822667317,0.16520035158150823
0.025891548607718612,0.17161530606229902
0.026380068392769906,0.17815245015224776
0.0268685881778212,0.1848117838513544
0.027357107962872496,0.191593307159619
0.02784562774792379,0.19849702007704148
0.028334147532975085,0.2055229226036219
0.02882266731802638,0.21267101473936023
0.029311187103077674,0.2199412964842565
0.02979970688812897,0.2273337678383107
0.030288226673180263,0.23484842880152276
0.030776746458231558,0.2424852793738928
0.03126526624328285,0.25024431955542076
0.03175378602833415,0.2581255493461066
0.03224230581338544,0.2661289687459504
0.032730825598436736,0.27425457775495204
0.03321934538348803,0.2825023763731117
0.033707865168539325,0.2908723646004292
0.03419638495359062,0.2993645424369047
0.034684904738641914,0.30797890988253807
0.03517342452369321,0.3167154669373294
0.0356619443087445,0.3255742136012786
0.0361504640937958,0.3345551498743857
0.03663898387884709,0.34365827575665076
0.03712750366389839,0.3528835912480738
0.03761602344894968,0.3622310963486547
0.038104543234000976,0.3717007910583935
0.03859306301905227,0.3812926753772902
0.039081582804103565,0.3910067493053449
0.03957010258915486,0.40084301284255747
0.040058622374206154,0.41080146598892797
0.04054714215925745,0.4208821087444564
0.04103566194430874,0.43108494110914275
0.04152418172936004,0.441409963082987
0.04201270151441133,0.4518571746659892
0.04250122129946263,0.4624265758581493
0.04298974108451392,0.4731181666594673
0.043478260869565216,0.48393194706994325
0.04396678065461651,0.4948679170895771
0.044455300439667805,0.5059260767183689
0.0449438202247191,0.5171064259563186
0.045432340009770394,0.5284089648034263
0.04592085979482169,0.5398336932596918
0.046409379579872984,0.5513806113251153
0.04689789936492428,0.5630497189996967
0.04738641914997557,0.574841016283436
0.04787493893502687,0.5867545031763332
0.04836345872007816,0.5987901796783883
0.048851978505129456,0.6109480457896014
0.04934049829018075,0.6232281015099724
0.049829018075232046,0.6356303468395013
0.05031753786028334,0.6481547817781881
0.050806057645334635,0.6608014063260329
0.05129457743038593,0.6735702204830355
0.051783097215437224,0.6864612242491961
0.05227161700048852,0.6994744176245147
0.05276013678553981,0.712609800608991
0.05324865657059111,0.7258673732026254
0.0537371763556424,0.7392471354054176
0.0542256961406937,0.7527490872173679
0.05471421592574499,0.766373228638476
0.055202735710796286,0.780119559668742
0.05569125549584758,0.7939880803081659
0.056179775280898875,0.8079787905567478
0.05666829506595017,0.8220916904144876
0.057156814851001464,0.8363267798813854
0.05764533463605276,0.8506840589574409
0.05813385442110405,0.8651635276426546
0.05862237420615535,0.879765185937026
0.05911089399120664,0.8944890338405554
0.05959941377625794,0.9093350713532428
0.06008793356130923,0.924303298475088
0.060576453346360526,0.939393715206091
0.06106497313141182,0.9546063215462521
0.061553492916463115,0.9699411174955712
0.06204201270151441,0.9853981030540481
0.0625305324865657,1.000977278221683
0.063019052271617,1.0166786429984758
0.0635075720566683,1.0325021973844264
0.06399609184171959,1.048447941379535
0.06448461162677088,1.0645158749838015
0.06497313141182218,1.0807059981972258
0.06546165119687347,1.0970183110198082
0.06595017098192477,1.1134528134515485
0.06643869076697606,1.1300095054924468
0.06692721055202736,1.1466883871425029
0.06741573033707865,1.1634894584017168
0.06790425012212994,1.1804127192700888
0.06839276990718124,1.1974581697476188
0.06888128969223253,1.2146258098343066
0.06936980947728383,1.2319156395301523
0.06985832926233512,1.2493276588351558
0.07034684904738642,1.2668618677493175
0.07083536883243771,1.2845182662726369
0.071323888617489,1.3022968544051143
0.0718124084025403,1.3201976321467497
0.0723009281875916,1.338220599497543
0.07278944797264289,1.356365756457494
0.07327796775769418,1.374633103026603
0.07376648754274548,1.3930226392048701
0.07425500732779677,1.4115343649922951
0.07474352711284807,1.430168280388878
0.07523204689789936,1.4489243853946188
0.07572056668295066,1.4678026800095174
0.07620908646800195,1.486803164233574
0.07669760625305325,1.5059258380667884
0.07718612603810454,1.525170701509161
0.07767464582315584,1.5445377545606913
0.07816316560820713,1.5640269972213796
0.07865168539325842,1.5836384294912258
0.07914020517830972,1.6033720513702299
0.07962872496336101,1.623227862858392
0.08011724474841231,1.6432058639557119
0.0806057645334636,1.6633060546621898
0.0810942843185149,1.6835284349778257
0.08158280410356619,1.7038730049026194
0.08207132388861749,1.724339764436571
0.08255984367366878,1.7449287135796805
0.08304836345872008,1.765639852331948
0.08353688324377137,1.7864731806933734
0.08402540302882266,1.8074286986639567
0.08451392281387396,1.828506406243698
0.08500244259892525,1.8497063034325971
0.08549096238397655,1.8710283902306544
0.08597948216902784,1.8924726666378693
0.08646800195407914,1.9140391326542423
0.08695652173913043,1.935727788279773
0.08744504152418173,1.9575386335144618
0.08793356130923302,1.9794716683583085
0.08842208109428432,2.001526892811313
0.08891060087933561,2.0237043068734755
0.0893991206643869,2.0460039105447962
0.0898876404494382,2.0684257038252745
0.0903761602344895,2.0909696867149106
0.09086468001954079,2.113635859213705
0.09135319980459208,2.1364242213216573
0.09184171958964338,2.159334773038767
0.09233023937469467,2.182367514365035
0.09281875915974597,2.205522445300461
0.09330727894479726,2.228799565845045
0.09379579872984856,2.2521988759987868
0.09428431851489985,2.2757203757616864
0.09477283829995115,2.299364065133744
0.09526135808500244,2.3231299441149593
0.09574987787005373,2.3470180127053326
0.09623839765510503,2.3710282709048642
0.09672691744015632,2.3951607187135533
0.09721543722520762,2.4194153561314007
0.09770395701025891,2.4437921831584055
0.09819247679531021,2.4682911997945687
0.0986809965803615,2.4929124060398897
0.0991695163654128,2.517655801894368
0.09965803615046409,2.542521387358005
0.10014655593551539,2.5675091624307997
0.10063507572056668,2.5926191271127523
0.10112359550561797,2.617851281403863
0.10161211529066927,2.6432056253041316
0.10210063507572056,2.668682158813558
0.10258915486077186,2.694280881932142
0.10307767464582315,2.7200017946598845
0.10356619443087445,2.7458448969967844
0.10405471421592574,2.7718101889428426
0.10454323400097704,2.7978976704980587
0.10503175378602833,2.8241073416624323
0.10552027357107963,2.850439202435964
0.10600879335613092,2.876893252818654
0.10649731314118221,2.9034694928105016
0.10698583292623351,2.930167922411507
0.1074743527112848,2.9569885416216706
0.1079628724963361,2.9839313504409923
0.1084513922813874,3.0109963488694715
0.10893991206643869,3.0381835369071086
0.10942843185148998,3.065492914553904
0.10991695163654128,3.092924481809857
0.11040547142159257,3.120478238674968
0.11089399120664387,3.148154185149237
0.11138251099169516,3.1759523212326637
0.11187103077674646,3.2038726469252485
0.11235955056179775,3.2319151622269913
0.11284807034684904,3.260079867137892
0.11333659013190034,3.2883667616579504
0.11382510991695163,3.3167758457871668
0.11431362970200293,3.3453071195255415
0.11480214948705422,3.3739605828730737
0.11529066927210552,3.4027362358297637
0.11577918905715681,3.431634078395612
0.1162677088422081,3.4606541105706183
0.1167562286272594,3.489796332354782
0.1172447484123107,3.519060743748104
0.11773326819736199,3.548447344750584
0.11822178798241328,3.577956135362222
0.11871030776746458,3.6075871155830175
0.11919882755251587,3.637340285412971
0.11968734733756717,3.6672156448520825
0.12017586712261846,3.697213193900352
0.12066438690766976,3.727332932557779
0.12115290669272105,3.757574860824364
0.12164142647777235,3.7879389787001077
0.12212994626282364,3.8184252861850085
0.12261846604787494,3.8490337832790678
0.12310698583292623,3.879764469982285
0.12359550561797752,3.9106173462946594
0.12408402540302882,3.9415924122161923
0.12457254518808011,3.972689667746883
0.1250610649731314,4.003909112886732
0.1255495847581827,4.035250747635739
0.126038104543234,4.066714571993903
0.1265266243282853,4.098300585961225
0.1270151441133366,4.130008789537706
0.12750366389838788,4.161839182723344
0.12799218368343918,4.19379176551814
0.12848070346849047,4.225866537922093
0.12896922325354176,4.258063499935206
0.12945774303859306,4.290382651557476
0.12994626282364435,4.322823992788903
0.13043478260869565,4.355387523629489
0.13092330239374694,4.388073244079233
0.13141182217879824,4.420881154138135
0.13190034196384953,4.453811253806194
0.13238886174890083,4.486863543083412
0.13287738153395212,4.520038021969787
0.13336590131900342,4.55333469046532
0.1338544211040547,4.5867535485700115
0.134342940889106,4.620294596283861
0.1348314606741573,4.653957833606867
0.1353199804592086,4.687743260539032
0.1358085002442599,4.721650877080355
0.13629702002931118,4.755680683230836
0.13678553981436248,4.789832678990475
0.13727405959941377,4.824106864359272
0.13776257938446507,4.858503239337226
0.13825109916951636,4.893021803924339
0.13873961895456766,4.927662558120609
0.13922813873961895,4.962425501926037
0.13971665852467025,4.997310635340623
0.14020517830972154,5.032317958364367
0.14069369809477283,5.06744747099727
0.14118221787982413,5.10269917323933
0.14167073766487542,5.1380730650905475
0.14215925744992672,5.173569146550924
0.142647777234978,5.209187417620457
0.1431362970200293,5.244927878299149
0.1436248168050806,5.280790528586999
0.1441133365901319,5.316775368484006
0.1446018563751832,5.352882397990172
0.14509037616023449,5.389111617105495
0.14557889594528578,5.425463025829976
0.14606741573033707,5.461936624163616
0.14655593551538837,5.498532412106412
0.14704445530043966,5.535250389658367
0.14753297508549096,5.5720905568194805
0.14802149487054225,5.6090529135897516
0.14851001465559355,5.6461374599691805
0.14899853444064484,5.683344195957767
0.14948705422569614,5.720673121555512
0.14997557401074743,5.758124236762415
0.15046409379579873,5.795697541578475
0.15095261358085002,5.833393036003693
0.15144113336590131,5.87121072003807
0.1519296531509526,5.909150593681604
0.1524181729360039,5.947212656934296
0.1529066927210552,5.985396909796146
0.1533952125061065,6.0237033522671535
0.1538837322911578,6.06213198434732
0.15437225207620908,6.100682806036644
0.15486077186126038,6.139355817335125
0.15534929164631167,6.178151018242765
0.15583781143136297,6.2170684087595625
0.15632633121641426,6.2561079888855184
0.15681485100146556,6.295269758620631
0.15730337078651685,6.334553717964903
0.15779189057156814,6.373959866918332
0.15828041035661944,6.4134882054809195
0.15876893014167073,6.453138733652665
0.15925744992672203,6.492911451433568
0.15974596971177332,6.5328063588236285
0.16023448949682462,6.5728234558228475
0.1607230092818759,6.6129627424312245
0.1612115290669272,6.653224218648759
0.1617000488519785,6.693607884475452
0.1621885686370298,6.734113739911303
0.1626770884220811,6.774741784956311
0.16316560820713238,6.815492019610478
0.16365412799218368,6.856364443873802
0.16414264777723497,6.897359057746284
0.16463116756228627,6.938475861227924
0.16511968734733756,6.979714854318722
0.16560820713238886,7.021076037018678
0.16609672691744015,7.062559409327792
0.16658524670249145,7.104164971246064
0.16707376648754274,7.145892722773493
0.16756228627259404,7.187742663910082
0.16805080605764533,7.229714794655827
0.16853932584269662,7.271809115010731
0.16902784562774792,7.314025624974792
0.1695163654127992,7.356364324548012
0.1700048851978505,7.3988252137303885
0.1704934049829018,7.441408292521924
0.1709819247679531,7.4841135609226175
0.1714704445530044,7.526941018932468
0.1719589643380557,7.569890666551477
0.17244748412310698,7.612962503779644
0.17293600390815828,7.656156530616969
0.17342452369320957,7.699472747063451
0.17391304347826086,7.742911153119092
0.17440156326331216,7.786471748783891
0.17489008304836345,7.830154534057847
0.17537860283341475,7.8739595089409615
0.17586712261846604,7.917886673433234
0.17635564240351734,7.961936027534664
0.17684416218856863,8.006107571245252
0.17733268197361993,8.050401304564998
0.17782120175867122,8.094817227493902
0.17830972154372252,8.139355340031965
0.1787982413287738,8.184015642179185
0.1792867611138251,8.228798133935562
0.1797752808988764,8.273702815301098
0.1802638006839277,8.318729686275791
0.180752320468979,8.363878746859642
0.18124084025403028,8.409149997052653
0.18172936003908158,8.45454343685482
0.18221787982413287,8.500059066266145
0.18270639960918417,8.54569688528663
0.18319491939423546,8.59145689391627
0.18368343917928676,8.637339092155068
0.18417195896433805,8.683343480003026
0.18466047874938935,8.72947005746014
0.18514899853444064,8.775718824526413
0.18563751831949193,8.822089781201845
0.18612603810454323,8.868582927486433
0.18661455788959452,8.91519826338018
0.18710307767464582,8.961935788883084
0.1875915974596971,9.008795503995147
0.1880801172447484,9.055777408716366
0.1885686370297997,9.102881503046746
0.189057156814851,9.15010778698628
0.1895456765999023,9.197456260534976
0.19003419638495359,9.244926923692827
0.19052271617000488,9.292519776459837
0.19101123595505617,9.340234818836006
0.19149975574010747,9.38807205082133
0.19198827552515876,9.436031472415815
0.19247679531021006,9.484113083619457
0.19296531509526135,9.532316884432255
0.19345383488031265,9.580642874854213
0.19394235466536394,9.629091054885329
0.19443087445041524,9.677661424525603
0.19491939423546653,9.726353983775033
0.19540791402051783,9.775168732633622
0.19589643380556912,9.82410567110137
0.19638495359062041,9.873164799178275
0.1968734733756717,9.922346116864338
0.197361993160723,9.971649624159559
0.1978505129457743,10.021075321063936
0.1983390327308256,10.070623207577473
0.1988275525158769,10.120293283700168
0.19931607230092818,10.17008554943202
0.19980459208597948,10.22000000477303
0.20029311187103077,10.270036649723199
0.20078163165608207,10.320195484282525
0.20127015144113336,10.37047650845101
0.20175867122618465,10.420879722228651
0.20224719101123595,10.471405125615451
0.20273571079628724,10.52205271861141
0.20322423058133854,10.572822501216526
0.20371275036638983,10.6237144734308
0.20420127015144113,10.674728635254231
0.20468978993649242,10.72586498668682
0.20517830972154372,10.777123527728568
0.205666829506595,10.828504258379475
0.2061553492916463,10.880007178639538
0.2066438690766976,10.931632288508759
0.2071323888617489,10.983379587987137
0.2076209086468002,11.035249077074676
0.20810942843185148,11.08724075577137
0.20859794821690278,11.139354624077223
0.20908646800195407,11.191590681992235
0.20957498778700537,11.243948929516403
0.21006350757205666,11.296429366649729
0.21055202735710796,11.349031993392215
0.21104054714215925,11.401756809743857
0.21152906692721055,11.454603815704658
0.21201758671226184,11.507573011274616
0.21250610649731314,11.560664396453733
0.21299462628236443,11.613877971242006
0.21348314606741572,11.66721373563944
0.21397166585246702,11.720671689646029
0.2144601856375183,11.774251833261777
0.2149487054225696,11.827954166486682
0.2154372252076209,11.881778689320747
0.2159257449926722,11.93572540176397
0.2164142647777235,11.989794303816348
0.2169027845627748,12.043985395477886
0.21739130434782608,12.098298676748582
0.21787982413287738,12.152734147628435
0.21836834391792867,12.207291808117446
0.21885686370297996,12.261971658215616
0.21934538348803126,12.316773697922944
0.21983390327308255,12.371697927239428
0.22032242305813385,12.426744346165071
0.22081094284318514,12.481912954699872
0.22129946262823644,12.537203752843832
0.22178798241328773,12.592616740596949
0.22227650219833903,12.648151917959224
0.22276502198339032,12.703809284930655
0.22325354176844162,12.759588841511246
0.2237420615534929,12.815490587700994
0.2242305813385442,12.8715145234999
0.2247191011235955,12.927660648907965
0.2252076209086468,12.983928963925187
0.2256961406936981,13.040319468551568
0.22618466047874938,13.096832162787106
0.22667318026380068,13.153467046631802
0.22716170004885197,13.210224120085655
0.22765021983390327,13.267103383148667
0.22813873961895456,13.324104835820838
0.22862725940400586,13.381228478102166
0.22911577918905715,13.438474309992651
0.22960429897410845,13.495842331492295
0.23009281875915974,13.553332542601096
0.23058133854421103,13.610944943319055
0.23106985832926233,13.668679533646173
0.23155837811431362,13.726536313582448
0.23204689789936492,13.784515283127881
0.2325354176844162,13.842616442282473
0.2330239374694675,13.900839791046222
0.2335124572545188,13.959185329419128
0.2340009770395701,14.017653057401194
0.2344894968246214,14.076242974992416
0.23497801660967269,14.134955082192796
0.23546653639472398,14.193789379002336
0.23595505617977527,14.252745865421032
0.23644357596482657,14.311824541448887
0.23693209574987786,14.371025407085899
0.23742061553492916,14.43034846233207
0.23790913531998045,14.489793707187397
0.23839765510503175,14.549361141651884
0.23888617489008304,14.609050765725527
0.23937469467513434,14.66886257940833
0.23986321446018563,14.728796582700289
0.24035173424523693,14.788852775601407
0.24084025403028822,14.849031158111682
0.24132877381533951,14.909331730231116
0.2418172936003908,14.969754491959709
0.2423058133854421,15.030299443297457
0.2427943331704934,15.090966584244365
0.2432828529555447,15.15175591480043
0.243771372740596,15.212667434965654
0.24425989252564728,15.273701144740034
0.24474841231069858,15.334857044123574
0.24523693209574987,15.396135133116271
0.24572545188080117,15.457535411718126
0.24621397166585246,15.51905787992914
0.24670249145090375,15.580702537749309
0.24719101123595505,15.642469385178638
0.24767953102100634,15.704358422217124
0.24816805080605764,15.766369648864769
0.24865657059110893,15.828503065121572
0.24914509037616023,15.890758670987532
0.24963361016121152,15.95313646646265
0.2501221299462628,16
0.25061064973131414,16
0.2510991695163654,16
0.25158768930141673,16
0.252076209086468,16
0.2525647288715193,16
0.2530532486565706,16
0.2535417684416219,16
0.2540302882266732,16
0.2545188080117245,16
0.25500732779677576,16
0.2554958475818271,16
0.25598436736687835,16
0.2564728871519297,16
0.25696140693698094,16
0.25744992672203226,16
0.25793844650708353,16
0.25842696629213485,16
0.2589154860771861,16
0.25940400586223744,16
0.2598925256472887,16
0.26038104543234003,16
0.2608695652173913,16
0.2613580850024426,16
0.2618466047874939,16
0.2623351245725452,16
0.2628236443575965,16
0.2633121641426478,16
0.26380068392769906,16
0.2642892037127504,16
0.26477772349780165,16
0.265266243282853,16
0.26575476306790424,16
0.26624328285295557,16
0.26673180263800683,16
0.26722032242305815,16
0.2677088422081094,16
0.26819736199316074,16
0.268685881778212,16
0.26917440156326333,16
0.2696629213483146,16
0.2701514411333659,16
0.2706399609184172,16
0.2711284807034685,16
0.2716170004885198,16
0.2721055202735711,16
0.27259404005862237,16
0.2730825598436737,16
0.27357107962872496,16
0.2740595994137763,16
0.27454811919882754,16
0.27503663898387887,16
0.27552515876893013,16
0.27601367855398146,16
0.2765021983390327,16
0.27699071812408405,16
0.2774792379091353,16
0.27796775769418663,16
0.2784562774792379,16
0.2789447972642892,16
0.2794333170493405,16
0.2799218368343918,16
0.2804103566194431,16
0.2808988764044944,16
0.28138739618954567,16
0.281875915974597,16
0.28236443575964826,16
0.2828529555446996,16
0.28334147532975085,16
0.28382999511480217,16
0.28431851489985344,16
0.28480703468490476,16
0.285295554469956,16
0.28578407425500735,16
0.2862725940400586,16
0.28676111382510994,16
0.2872496336101612,16
0.2877381533952125,16
0.2882266731802638,16
0.2887151929653151,16
0.2892037127503664,16
0.2896922325354177,16
0.29018075232046897,16
0.2906692721055203,16
0.29115779189057156,16
0.2916463116756229,16
0.29213483146067415,16
0.29262335124572547,16
0.29311187103077674,16
0.29360039081582806,16
0.2940889106008793,16
0.29457743038593065,16
0.2950659501709819,16
0.29555446995603324,16
0.2960429897410845,16
0.29653150952613583,16
0.2970200293111871,16
0.2975085490962384,16
0.2979970688812897,16
0.298485588666341,16
0.2989741084513923,16
0.2994626282364436,16
0.29995114802149486,16
0.3004396678065462,16
0.30092818759159745,16
0.3014167073766488,16
0.30190522716170004,16
0.30239374694675136,16
0.30288226673180263,16
0.30337078651685395,16
0.3038593063019052,16
0.30434782608695654,16
0.3048363458720078,16
0.30532486565705913,16
0.3058133854421104,16
0.3063019052271617,16
0.306790425012213,16
0.3072789447972643,16
0.3077674645823156,16
0.3082559843673669,16
0.30874450415241816,16
0.3092330239374695,16
0.30972154372252075,16
0.3102100635075721,16
0.31069858329262334,16
0.31118710307767466,16
0.31167562286272593,16
0.31216414264777725,16
0.3126526624328285,16
0.31314118221787984,16
0.3136297020029311,16
0.31411822178798243,16
0.3146067415730337,16
0.315095261358085,16
0.3155837811431363,16
0.3160723009281876,16
0.3165608207132389,16
0.3170493404982902,16
0.31753786028334147,16
0.3180263800683928,16
0.31851489985344406,16
0.3190034196384954,16
0.31949193942354664,16
0.31998045920859797,16
0.32046897899364923,16
0.32095749877870056,16
0.3214460185637518,16
0.32193453834880315,16
0.3224230581338544,16
0.32291157791890573,16
0.323400097703957,16
0.3238886174890083,16
0.3243771372740596,16
0.3248656570591109,16
0.3253541768441622,16
0.3258426966292135,16
0.32633121641426477,16
0.3268197361993161,16
0.32730825598436736,16
0.3277967757694187,16
0.32828529555446995,16
0.32877381533952127,16
0.32926233512457254,16
0.32975085490962386,16
0.3302393746946751,16
0.33072789447972645,16
0.3312164142647777,16
0.33170493404982904,16
0.3321934538348803,16
0.3326819736199316,16
0.3331704934049829,16
0.3336590131900342,8.0
0.3341475329750855,8.0
0.3346360527601368,8.0
0.33512457254518807,8.0
0.3356130923302394,8.0
0.33610161211529066,8.0
0.336590131900342,8.0
0.33707865168539325,8.0
0.33756717147044457,8.0
0.33805569125549584,8.0
0.33854421104054716,8.0
0.3390327308255984,8.0
0.33952125061064975,8.0
0.340009770395701,8.0
0.34049829018075234,8.0
0.3409868099658036,8.0
0.34147532975085493,8.0
0.3419638495359062,8.0
0.3424523693209575,8.0
0.3429408891060088,8.0
0.3434294088910601,8.0
0.3439179286761114,8.0
0.3444064484611627,8.0
0.34489496824621396,8.0
0.3453834880312653,8.0
0.34587200781631655,8.0
0.3463605276013679,8.0
0.34684904738641914,8.0
0.34733756717147046,8.0
0.34782608695652173,8.0
0.34831460674157305,8.0
0.3488031265266243,8.0
0.34929164631167564,8.0
0.3497801660967269,8.0
0.35026868588177823,8.0
0.3507572056668295,8.0
0.3512457254518808,8.0
0.3517342452369321,8.0
0.3522227650219834,8.0
0.3527112848070347,8.0
0.353199804592086,8.0
0.35368832437713726,8.0
0.3541768441621886,8.0
0.35466536394723985,8.0
0.3551538837322912,8.0
0.35564240351734244,8.0
0.35613092330239376,8.0
0.35661944308744503,8.0
0.35710796287249635,8.0
0.3575964826575476,8.0
0.35808500244259894,8.0
0.3585735222276502,8.0
0.35906204201270153,8.0
0.3595505617977528,8.0
0.3600390815828041,8.0
0.3605276013678554,8.0
0.3610161211529067,8.0
0.361504640937958,8.0
0.3619931607230093,8.0
0.36248168050806057,8.0
0.3629702002931119,8.0
0.36345872007816316,8.0
0.3639472398632145,8.0
0.36443575964826574,8.0
0.36492427943331707,8.0
0.36541279921836833,8.0
0.36590131900341966,8.0
0.3663898387884709,8.0
0.36687835857352225,8.0
0.3673668783585735,8.0
0.36785539814362483,8.0
0.3683439179286761,8.0
0.3688324377137274,8.0
0.3693209574987787,8.0
0.36980947728383,8.0
0.3702979970688813,8.0
0.3707865168539326,8.0
0.37127503663898387,8.0
0.3717635564240352,8.0
0.37225207620908646,8.0
0.3727405959941378,8.0
0.37322911577918905,8.0
0.37371763556424037,8.0
0.37420615534929164,8.0
0.37469467513434296,8.0
0.3751831949193942,8.0
0.37567171470444555,8.0
0.3761602344894968,8.0
0.37664875427454814,8.0
0.3771372740595994,8.0
0.3776257938446507,8.0
0.378114313629702,8.0
0.3786028334147533,8.0
0.3790913531998046,8.0
0.3795798729848559,8.0
0.38006839276990717,8.0
0.3805569125549585,8.0
0.38104543234000976,8.0
0.3815339521250611,8.0
0.38202247191011235,8.0
0.38251099169516367,8.0
0.38299951148021494,8.0
0.38348803126526626,8.0
0.3839765510503175,8.0
0.38446507083536885,8.0
0.3849535906204201,8.0
0.38544211040547144,8.0
0.3859306301905227,8.0
0.38641914997557403,8.0
0.3869076697606253,8.0
0.3873961895456766,8.0
0.3878847093307279,8.0
0.3883732291157792,8.0
0.3888617489008305,8.0
0.3893502686858818,8.0
0.38983878847093306,8.0
0.3903273082559844,8.0
0.39081582804103565,8.0
0.391304347826087,8.0
0.39179286761113824,8.0
0.39228138739618956,8.0
0.39276990718124083,8.0
0.39325842696629215,8.0
0.3937469467513434,8.0
0.39423546653639474,8.0
0.394723986321446,8.0
0.39521250610649733,8.0
0.3957010258915486,8.0
0.3961895456765999,8.0
0.3966780654616512,8.0
0.3971665852467025,8.0
0.3976551050317538,8.0
0.3981436248168051,8.0
0.39863214460185636,8.0
0.3991206643869077,8.0
0.39960918417195895,8.0
0.4000977039570103,8.0
0.40058622374206154,8.0
0.40107474352711286,8.0
0.40156326331216413,8.0
0.40205178309721545,8.0
0.4025403028822667,8.0
0.40302882266731804,8.0
0.4035173424523693,8.0
0.40400586223742063,8.0
0.4044943820224719,8.0
0.4049829018075232,8.0
0.4054714215925745,8.0
0.4059599413776258,8.0
0.4064484611626771,8.0
0.4069369809477284,8.0
0.40742550073277967,8.0
0.407914020517831,8.0
0.40840254030288226,8.0
0.4088910600879336,8.0
0.40937957987298484,8.0
0.40986809965803617,8.0
0.41035661944308743,8.0
0.41084513922813876,8.0
0.41133365901319,8.0
0.41182217879824135,8.0
0.4123106985832926,8.0
0.41279921836834393,8.0
0.4132877381533952,8.0
0.4137762579384465,8.0
0.4142647777234978,8.0
0.4147532975085491,8.0
0.4152418172936004,8.0
0.4157303370786517,8.0
0.41621885686370297,8.0
0.4167073766487543,0.0
0.41719589643380556,0.0
0.4176844162188569,0.0
0.41817293600390815,0.0
0.41866145578895947,0.0
0.41914997557401074,0.0
0.41963849535906206,0.0
0.4201270151441133,0.0
0.42061553492916465,0.0
0.4211040547142159,0.0
0.42159257449926724,0.0
0.4220810942843185,0.0
0.4225696140693698,0.0
0.4230581338544211,0.0
0.4235466536394724,0.0
0.4240351734245237,0.0
0.424523693209575,0.0
0.42501221299462627,0.0
0.4255007327796776,0.0
0.42598925256472886,0.0
0.4264777723497802,0.0
0.42696629213483145,0.0
0.42745481191988277,0.0
0.42794333170493404,0.0
0.42843185148998536,0.0
0.4289203712750366,0.0
0.42940889106008795,0.0
0.4298974108451392,0.0
0.43038593063019054,0.0
0.4308744504152418,0.0
0.4313629702002931,0.0
0.4318514899853444,0.0
0.4323400097703957,0.0
0.432828529555447,0.0
0.4333170493404983,0.0
0.4338055691255496,0.0
0.4342940889106009,0.0
0.43478260869565216,0.0
0.4352711284807035,0.0
0.43575964826575475,0.0
0.4362481680508061,0.0
0.43673668783585734,0.0
0.43722520762090866,0.0
0.43771372740595993,0.0
0.43820224719101125,0.0
0.4386907669760625,0.0
0.43917928676111384,0.0
0.4396678065461651,0.0
0.44015632633121643,0.0
0.4406448461162677,0.0
0.441133365901319,0.0
0.4416218856863703,0.0
0.4421104054714216,0.0
0.4425989252564729,0.0
0.4430874450415242,0.0
0.44357596482657546,0.0
0.4440644846116268,0.0
0.44455300439667805,0.0
0.4450415241817294,0.0
0.44553004396678064,0.0
0.44601856375183196,0.0
0.44650708353688323,0.0
0.44699560332193455,0.0
0.4474841231069858,0.0
0.44797264289203714,0.0
0.4484611626770884,0.0
0.44894968246213973,0.0
0.449438202247191,0.0
0.4499267220322423,0.0
0.4504152418172936,0.0
0.4509037616023449,0.0
0.4513922813873962,0.0
0.4518808011724475,0.0
0.45236932095749877,0.0
0.4528578407425501,0.0
0.45334636052760136,0.0
0.4538348803126527,0.0
0.45432340009770394,0.0
0.45481191988275527,0.0
0.45530043966780653,0.0
0.45578895945285786,0.0
0.4562774792379091,0.0
0.45676599902296044,0.0
0.4572545188080117,0.0
0.45774303859306303,0.0
0.4582315583781143,0.0
0.4587200781631656,0.0
0.4592085979482169,0.0
0.4596971177332682,0.0
0.4601856375183195,0.0
0.4606741573033708,0.0
0.46116267708842207,0.0
0.4616511968734734,0.0
0.46213971665852466,0.0
0.462628236443576,0.0
0.46311675622862725,0.0
0.46360527601367857,0.0
0.46409379579872984,0.0
0.46458231558378116,0.0
0.4650708353688324,0.0
0.46555935515388375,0.0
0.466047874938935,0.0
0.46653639472398634,0.0
0.4670249145090376,0.0
0.4675134342940889,0.0
0.4680019540791402,0.0
0.4684904738641915,0.0
0.4689789936492428,0.0
0.4694675134342941,0.0
0.46995603321934537,0.0
0.4704445530043967,0.0
0.47093307278944796,0.0
0.4714215925744993,0.0
0.47191011235955055,0.0
0.47239863214460187,0.0
0.47288715192965314,0.0
0.47337567171470446,0.0
0.4738641914997557,0.0
0.47435271128480705,0.0
0.4748412310698583,0.0
0.47532975085490964,0.0
0.4758182706399609,0.0
0.4763067904250122,0.0
0.4767953102100635,0.0
0.4772838299951148,0.0
0.4777723497801661,0.0
0.4782608695652174,0.0
0.4787493893502687,0.0
0.47923790913532,0.0
0.47972642892037126,0.0
0.4802149487054226,0.0
0.48070346849047385,0.0
0.4811919882755252,0.0
0.48168050806057644,0.0
0.48216902784562776,0.0
0.48265754763067903,0.0
0.48314606741573035,0.0
0.4836345872007816,0.0
0.48412310698583294,0.0
0.4846116267708842,0.0
0.48510014655593553,0.0
0.4855886663409868,0.0
0.4860771861260381,0.0
0.4865657059110894,0.0
0.4870542256961407,0.0
0.487542745481192,0.0
0.4880312652662433,0.0
0.48851978505129456,0.0
0.4890083048363459,0.0
0.48949682462139715,0.0
0.4899853444064485,0.0
0.49047386419149974,0.0
0.49096238397655106,0.0
0.49145090376160233,0.0
0.49193942354665365,0.0
0.4924279433317049,0.0
0.49291646311675624,0.0
0.4934049829018075,0.0
0.49389350268685883,0.0
0.4943820224719101,0.0
0.4948705422569614,0.0
0.4953590620420127,0.0
0.495847581827064,0.0
0.4963361016121153,0.0
0.4968246213971666,0.0
0.49731314118221787,0.0
0.4978016609672692,0.0
0.49829018075232046,0.0
0.4987787005373718,0.0
0.49926722032242304,0.0
0.49975574010747437,0.0
0.5002442598925256,15.990354234138957
0.5007327796775769,15.913327612358547
0.5012212994626283,15.760016901642768
0.5017098192476795,15.531900009701829
0.5021983390327308,15.231175972153187
0.5026868588177821,14.86074375392653
0.5031753786028335,14.424174303384277
0.5036638983878847,13.925676128555613
0.504152418172936,13.370054727325057
0.5046409379579873,12.762666262670134
0.5051294577430386,12.109365929513157
0.5056179775280899,11.416451510931015
0.5061064973131412,10.690602667834968
0.5065950170981924,9.938816547368758
0.5070835368832438,9.168340330753928
0.5075720566682951,8.386601370820332
0.5080605764533463,7.601135592688409
0.5085490962383976,6.819514847823271
0.509037616023449,6.049273921758139
0.5095261358085003,5.297837899133426
0.5100146555935515,4.572450586244704
0.5105031753786028,3.8801046811072233
0.5109916951636542,3.2274743641906865
0.5114802149487054,2.6208509596481964
0.5119687347337567,2.0660822872603104
0.512457254518808,1.5685162897403924
0.5129457743038593,1.1329494788296959
0.5134342940889106,0.7635806971606032
0.5139228138739619,0.4639706416194276
0.5144113336590131,0.23700753840409838
0.5148998534440645,0.08487930066553151
0.5153883732291158,0.009052437132551105
0.5158768930141671,0.010257915039749044
0.5163654127992183,0.08848411363939412
0.5168539325842697,0.24297693622490346
0.517342452369321,0.4722470795857934
0.5178309721543722,0.7740843908176434
0.5183194919394235,1.1455791730872207
0.5188080117244749,1.5831502349669329
0.5192965315095261,2.082579412943769
0.5197850512945774,2.6390522343084584
0.5202735710796287,3.2472043284353287
0.5207620908646801,3.9011731390515196
0.5212506106497313,4.5946544389903154
0.5217391304347826,5.320963102632065
0.5222276502198339,6.073097550185584
0.5227161700048852,6.843807242573227
0.5232046897899365,7.625662576270512
0.5236932095749878,8.411126504319306
0.524181729360039,9.192627193089319
0.5246702491450904,9.962631014382183
0.5251587689301417,10.713715169235826
0.525647288715193,11.43863924334268
0.5261358085002442,12.130415004286569
0.5266243282852956,12.782373767759765
0.5271128480703469,13.388230683351335
0.5276013678553981,13.942145320196499
0.5280898876404494,14.438777968442519
0.5285784074255008,14.87334111378923
0.529066927210552,15.24164558889092
0.5295554469956033,15.54014095672423
0.5300439667806546,15.765949736625906
0.530532486565706,15.916895143064995
0.5310210063507572,15.991522069748218
0.5315095261358085,15.989111116773193
0.5319980459208598,15.909685525608007
0.5324865657059111,15.754010955044578
0.5329750854909624,15.523588100285767
0.5334636052760137,15.220638226317174
0.5339521250610649,14.848081755022083
0.5344406448461163,14.409510112458072
0.5349291646311676,13.909151107686732
0.5354176844162188,13.351828176901893
0.5359062042012701,12.742913885742222
0.5363947239863215,12.088278138022485
0.5368832437713728,11.394231590150271
0.537371763556424,10.667464816707504
0.5378602833414753,9.914983813641316
0.5383488031265267,9.144042460807448
0.5388373229115779,8.362072594925689
0.5393258426966292,7.576612367038796
0.5398143624816805,6.795233575107679
0.5403028822667318,6.025468672251178
0.5407914020517831,5.274738154269391
0.5412799218368344,4.550279026427832
0.5417684416218856,3.859075039083554
0.542256961406937,3.2077893646749045
0.5427454811919883,2.60270036506735
0.5432340009770396,2.0496410684533517
0.5437225207620908,1.5539429392478947
0.5442110405471422,1.1203844830335603
0.5446995603321935,0.7531451820022461
0.5451880801172447,0.45576520495166317
0.545676599902296,0.23111128023278837
0.5461651196873474,0.08134906062941738
0.5466536394723986,0.007922246571932412
0.5471421592574499,0.011538668936036167
0.5476306790425012,0.09216346558802702
0.5481191988275526,0.24901941745407985
0.5486077186126038,0.48059444087368686
0.5490962383976551,0.784656164012036
0.5495847581827064,1.1582734468145333
0.5500732779677577,1.5978446370528507
0.550561797752809,2.0991322900749845
0.5510503175378603,2.6573040175636455
0.5515388373229115,3.2669790715216918
0.5520273571079629,3.9222802144184046
0.5525158768930142,4.616890375469419
0.5530043966780654,5.344113546889489
0.5534929164631167,6.096939333077431
0.5539814362481681,6.868110530485172
0.5544699560332194,7.650193086702535
0.5549584758182706,8.435647764357471
0.5554469956033219,9.21690281899303
0.5559355153883733,9.986426990311823
0.5564240351734245,10.736802103153927
0.5569125549584758,11.460794578341893
0.5574010747435271,12.1514251640273
0.5578895945285784,12.80203621533558
0.5583781143136297,13.406355873734775
0.558866634098681,13.958558527443827
0.5593551538837322,14.453320970043219
0.5598436736687836,14.885873715923225
0.5603321934538349,15.252046977890101
0.5608207132388862,15.548310863710281
0.5613092330239374,15.771809404097347
0.5617977528089888,15.920388084115633
0.5622862725940401,15.992614612598139
0.5627747923790913,15.987792729363065
0.5632633121641426,15.905968917127613
0.563751831949194,15.747931953416852
0.5642403517342452,15.515205306787383
0.5647288715192965,15.210032450665116
0.5652173913043478,14.83535523637195
0.5657059110893992,14.394785533823647
0.5661944308744504,13.892570413281767
0.5666829506595017,13.333551203804863
0.567171470444553,12.723116823074761
0.5676599902296043,12.067151828494913
0.5681485100146556,11.371979690347251
0.5686370297997069,10.64430183384859
0.5691255495847581,9.891133037741909
0.5696140693698095,9.119733812174024
0.5701025891548608,8.337540407735359
0.570591108939912,7.5520931303693635
0.5710796287249633,6.770963653194564
0.5715681485100147,6.0016820259478125
0.572056668295066,5.251664085676099
0.5725451880801172,4.5281399684308665
0.5730337078651685,3.838084411113009
0.5735222276502199,3.1881495153519106
0.5740107474352711,2.584600621573319
0.5744992672203224,2.0332559114252593
0.5749877870053737,1.5394303207935236
0.575476306790425,1.1078843040809518
0.5759648265754763,0.7427779436616326
0.5764533463605276,0.44763084689069554
0.5769418661455789,0.2252882172630546
0.5774303859306302,0.07789342679151545
0.5779189057156815,0.006867354006080184
0.5784074255007328,0.012894686754680862
0.578895945285784,0.09591732184609647
0.5793844650708354,0.2551349251618964
0.5798729848558867,0.48901264683776
0.5803615046409379,0.7952959171409546
0.5808500244259892,1.1710321804114932
0.5813385442110406,1.6125993575535649
0.5818270639960919,2.1157407626995948
0.5823155837811431,2.675606137453002
0.5828041035661944,3.2867984071403225
0.5832926233512458,3.9434257083458375
0.583781143136297,4.639158186184316
0.5842696629213483,5.36728901379189
0.5847581827063996,6.12079904580637
0.5852467024914509,6.892424482583575
0.5857352222765022,7.67472689286815
0.5862237420615535,8.460164919905653
0.5867122618466047,9.241166979750266
0.5872007816316561,10.010204250961939
0.5876893014167074,10.759863252073835
0.5881778212017587,11.482917307190357
0.5886663409868099,12.172396210786411
0.5891548607718613,12.821653420146127
0.5896433805569126,13.42443012770733
0.5901319003419638,13.974915595659148
0.5906204201270151,14.467803171168296
0.5911089399120665,14.898341442251574
0.5915974596971177,15.262380041153193
0.592085979482169,15.55640965368653
0.5925744992672203,15.777595848849753
0.5930630190522717,15.923806402601413
0.5935515388373229,15.993631852395232
0.5940400586223742,15.986399084329864
0.5945285784074255,15.902177821933686
0.5950170981924768,15.74177995403339
0.5955056179775281,15.506751708185831
0.5959941377625794,15.199358745120168
0.5964826575476306,14.822564317880037
0.596971177332682,14.380000706209856
0.5974596971177333,13.875934201557046
0.5979482169027845,13.315223980231924
0.5984367366878358,12.70327526118735
0.5989252564728872,12.045987199973636
0.5994137762579385,11.349696021169994
0.5999022960429897,10.621113937490112
0.600390815828041,9.867264444382517
0.6008793356130924,9.095414613879633
0.6013678553981436,8.313005040381292
0.6018563751831949,7.527578113690048
0.6023448949682462,6.746705310744922
0.6028334147532975,5.977914206955816
0.6033219345383488,5.228615910747719
0.6038104543234001,4.506033620838698
0.6042989741084513,3.8171329949604544
0.6047874938935027,3.1685550012601036
0.605276013678554,2.5665518996942716
0.6057645334636053,2.016926970550089
0.6062530532486565,1.5249785711090649
0.6067415730337079,1.0954490597432978
0.6072300928187592,0.7324790798145218
0.6077186126038104,0.4395676440750247
0.6082071323888617,0.21953840435734584
0.6086956521739131,0.07451243170935395
0.6091841719589643,0.005887769373750018
0.6096726917440156,0.014325955719852068
0.6101612115290669,0.09974564704634936
0.6106497313141183,0.2613234017306105
0.6111382510991695,0.49750161816521743
0.6116267708842208,0.8060035499611216
0.6121152906692721,1.1838552536706795
0.6126038104543234,1.627414257456306
0.6130923302393747,2.132404674339555
0.613580850024426,2.6939584215416534
0.6140693698094772,3.306662148561778
0.6145578895945286,3.96460942160987
0.6150464093795799,4.661457661337064
0.6155349291646312,5.390489284989766
0.6160234489496824,6.144676463576223
0.6165119687347338,6.916748869792607
0.6170004885197851,7.699263763620156
0.6174890083048363,8.484677739973524
0.6179775280898876,9.26541944675431
0.618466047874939,10.033962572313184
0.6189545676599902,10.782898398723104
0.6194430874450415,11.505007221457022
0.6199316072300928,12.193327946983523
0.6204201270151442,12.84122519736635
0.6209086468001954,13.442453274980979
0.6213971665852467,13.991216370733042
0.621885686370298,14.48222443537254
0.6223742061553493,14.910744175308604
0.6228627259404006,15.272644681326419
0.6233512457254519,15.564437250349584
0.6238397655105031,15.783309016365678
0.6243282852955545,15.927150066316374
0.6248168050806058,15.994573779555491
0.625305324865657,15.984930194803926
0.6257938446507083,15.898312275744331
0.6262823644357597,15.735555014855738
0.626770884220811,15.498227384127361
0.6272594040058622,15.1886172102455
0.6277479237909135,14.809709120056995
0.6282364435759649,14.365155768913125
0.6287249633610161,13.859242629251959
0.6292134831460674,13.296846678854463
0.6297020029311187,12.683389387018833
0.63019052271617,12.024784451862885
0.6306790425012213,11.327380792565856
0.6311675622862726,10.59790134609867
0.6316560820713238,9.843378258442984
0.6321446018563752,9.07108509504953
0.6326331216414265,8.2884667240254
0.6331216414264778,7.503067547971023
0.633610161211529,6.722458776310649
0.6340986809965804,5.954165439205582
0.6345872007816317,5.20559384663446
0.6350757205666829,4.483960191928036
0.6355642403517342,3.7962209880213207
0.6360527601367856,3.149006007010753
0.6365412799218368,2.5485543694776744
0.6370297997068881,2.0006543996721797
0.6375183194919394,1.5105878263528254
0.6380068392769908,1.083078867180297
0.638495359062042,0.7222486874924758
0.6389838788470933,0.43157567247279083
0.6394723986321446,0.2138618956879812
0.6399609184171959,0.07120610723724585
0.6404494382022472,0.004983501904171739
0.6409379579872985,0.015832462346737408
0.6414264777723497,0.1036484051199329
0.6419149975574011,0.26758478885500026
0.6424035173424524,0.5060612748765028
0.6428920371275036,0.8167789615897245
0.6433805569125549,1.1967425457784309
0.6438690766976063,1.6422891971813876
0.6443575964826576,2.1491238679945015
0.6448461162677088,2.7123606969221834
0.6453346360527601,3.3265701086382418
0.6458231558378115,3.985831154626368
0.6463116756228627,4.683788590831385
0.646800195407914,5.413714141899813
0.6472887151929653,6.168571361424004
0.6477772349780166,6.941083462938124
0.6482657547630679,7.723803467782592
0.6487542745481192,8.509185993611608
0.6492427943331704,9.289659991508728
0.6497313141182218,10.057701730524649
0.6502198339032731,10.805907326074164
0.6507083536883244,11.52706411302001
0.6511968734733756,12.21422017540852
0.651685393258427,12.860751362599292
0.6521739130434783,13.460425145749209
0.6526624328285295,14.00746069908654
0.6531509526135808,14.496584626784868
0.6536394723986322,14.923081798240927
0.6541279921836834,15.282840801700656
0.6546165119687347,15.572393578066773
0.655105031753786,15.788948852818056
0.6555935515388374,15.930419043757924
0.6560820713238886,15.995440385204478
0.6565705911089399,15.983386074624514
0.6570591108939912,15.894372314979115
0.6575476306790425,15.729257194532657
0.6580361504640938,15.489632414924607
0.6585246702491451,15.177807947243329
0.6590131900341963,14.796789764019152
0.6595017098192477,14.35025086179614
0.659990229604299,13.84249585362748
0.6604787493893503,13.2784194728156
0.6609672691744015,12.663459387925556
0.6614557889594529,12.003543783926133
0.6619443087445042,11.305034214779537
0.6624328285295554,10.574664278373646
0.6629213483146067,9.819474704968906
0.6634098680996581,9.046745484906207
0.6638983878847093,8.263925689857262
0.6643869076697606,7.478561664140529
0.6648754274548119,6.698224278332507
0.6653639472398633,5.930435946448009
0.6658524670249145,5.182598110240631
0.6663409868099658,4.461919889665442
0.666829506595017,3.7753485873198365
0.6673180263800684,3.1295027167861686
0.6678065461651197,2.530608200488685
0.668295065950171,1.9844383521051476
0.6687835857352222,1.4962582221083496
0.6692721055202736,1.0707738429385856
0.6697606253053249,0.7120868630819492
0.6702491450903761,0.4236550073809173
0.6707376648754274,0.20825874473663664
0.6712261846604788,0.06797448452598953
0.67171470444553,0.004154560116987227
0.6722032242305813,0.017414192441664866
0.6726917440156326,0.10762555929662909
0.673180263800684,0.27391902754290953
0.6736687835857352,0.5146915363262092
0.6741573033707865,0.8276220505053669
0.6746458231558378,1.2096939353162206
0.6751343429408891,1.6572240365831084
0.6756228627259404,2.165898186143223
0.6761113825109917,2.7308127902157535
0.6765999022960429,3.346522099805288
0.6770884220810943,4.007090707453285
0.6775769418661456,4.706150764274657
0.6780654616511969,5.436963365707417
0.6785539814362481,6.192483514222037
0.6790425012212995,6.965428032749826
0.6795310210063508,7.748345774152233
0.680019540791402,8.533689449913446
0.6805080605764533,9.31388838562886
0.6809965803615047,10.08142150193597
0.6814851001465559,10.828889817346795
0.6819736199316072,11.549087774068568
0.6824621397166585,12.235072699223814
0.6829506595017099,12.880231731877272
0.6834391792867611,13.478345570688617
0.6839276990718124,14.023648427672113
0.6844162188568637,14.510883610109596
0.684904738641915,14.935354194808763
0.6853932584269663,15.292968306212348
0.6858817782120176,15.580278561876991
0.6863702979970688,15.794515305070725
0.6868588177821202,15.933613304127134
0.6873473375671715,15.996231661177383
0.6878358573522227,15.981766738339674
0.688324377137274,15.890357976758656
0.6888128969223254,15.722886552399562
0.6893014167073767,15.480966881555673
0.6897899364924279,15.166931057953985
0.6902784562774792,14.783806371487128
0.6907669760625306,14.335286125286942
0.6912554958475818,13.825694032464682
0.6917440156326331,13.259942535729056
0.6922325354176844,12.643485451679584
0.6927210552027357,11.982265396283818
0.693209574987787,11.282656498351091
0.6936980947728383,10.551402953244704
0.6941866145578895,9.795554009169512
0.6946751343429409,9.022396012767233
0.6951636541279922,8.239382169092632
0.6956521739130435,7.454060693082695
0.6961406936980947,6.674002045137517
0.6966292134831461,5.906725952252399
0.6971177332681974,5.159628918222177
0.6976062530532486,4.439912921705372
0.6980947728382999,3.754515989506788
0.6985832926233513,3.1100453143385085
0.6990718124084025,2.512713561808561
0.6995603321934538,1.9682789806293979
0.7000488519785051,1.4819898933831395
0.7005373717635565,1.0585341029509836
0.7010258915486077,0.7019937023233762
0.701514411333659,0.4158057234246133
0.7020029311187103,0.202729004293845
0.7024914509037616,0.0648175940225757
0.7029799706888129,0.0034009518221198576
0.7034684904738642,0.019071131102237793
0.7039570102589154,0.11167707210545696
0.7044455300439668,0.28032605811580513
0.7049340498290181,0.5233923212036045
0.7054225696140694,0.838532714549026
0.7059110893991206,1.222709300261446
0.706399609184172,1.6722186349520385
0.7068881289692233,2.182727470745151
0.7073766487542745,2.7493145275749287
0.7078651685393258,3.3665179340836486
0.7083536883243772,4.0283878797919614
0.7088422081094284,4.728543970979887
0.7093307278944797,5.46023673736806
0.709819247679531,6.216412696680076
0.7103077674645824,6.989782349863416
0.7107962872496336,7.77289045150236
0.7112848070346849,8.55818787801778
0.7117733268197362,9.338104400845527
0.7122618466047875,10.10512166306944
0.7127503663898388,10.851845656009525
0.7132388861748901,11.571077997105021
0.7137274059599413,12.255885321965595
0.7142159257449927,12.8996661216649
0.714704445530044,13.496214380960495
0.7151929653150952,14.039779403976166
0.7156814851001465,14.52512125062772
0.7161700048851979,14.947561249386695
0.7166585246702492,15.30302709944441
0.7171470444553004,15.588092127491205
0.7176355642403517,15.800008320678911
0.7181240840254031,15.936732817329023
0.7186126038104543,15.996947600019158
0.7191011235955056,15.980072201206115
0.7195896433805569,15.886269298904377
0.7200781631656082,15.71644314847796
0.7205666829506595,15.472230865663612
0.7210552027357108,15.155986644854947
0.721543722520762,14.770759064785045
0.7220322423058134,14.320261700376637
0.7225207620908647,13.808837324063257
0.723009281875916,13.241416041676342
0.7234978016609672,12.623467766466947
0.7239863214460186,11.96094948941206
0.7244748412310699,11.26024785411395
0.7249633610161211,10.528117589870371
0.7254518808011724,9.771616396415533
0.7259404005862238,8.998036908043094
0.726428920371275,8.214836392969675
0.7269174401563263,7.429564865635365
0.7274059599413776,6.649792304937484
0.727894479726429,5.883035680004341
0.7283829995114802,5.136686486985267
0.7288715192965315,4.4179394953882225
0.7293600390815828,3.7337233908582466
0.7298485588666341,3.090633982986782
0.7303370786516854,2.4948706220330585
0.7308255984367367,1.9521764374918815
0.7313141182217879,1.4677829746073874
0.7318026380068393,1.0463597625351726
0.7322911577918906,0.691969300310272
0.7327796775769418,0.40802789455653254
0.7332681973619931,0.19727272645849325
0.7337567171470445,0.06173546546989872
0.7342452369320958,0.0027226841197576235
0.734733756717147,0.02080326271747701
0.7352222765021983,0.11580290537473026
0.7357107962872497,0.28680582020934153
0.7361993160723009,0.5321635475335542
0.7366878358573522,0.8495108509250153
0.7371763556424035,1.2357885179888122
0.7376648754274548,1.6872728510152424
0.7381533952125061,2.1996115632418443
0.7386419149975574,2.7678657346839515
0.7391304347826086,3.3865574230809843
0.73961895456766,4.049722470989396
0.7401074743527113,4.750967999967703
0.7405959941377626,5.483534037609827
0.7410845139228138,6.240358683347431
0.7415730337078652,7.014146184822763
0.7420615534929165,7.797437268583121
0.7425500732779677,8.582681047110727
0.743038593063019,9.362307809005395
0.7435271128480704,10.128801990632109
0.7440156326331216,10.874774625782099
0.7445041524181729,11.593034574946742
0.7449926722032242,12.276657847546089
0.7454811919882756,12.919054348859348
0.7459697117733268,13.514031408212428
0.7464582315583781,14.055853476019276
0.7469467513434294,14.539297414198177
0.7474352711284807,14.95970284696499
0.747923790913532,15.31301708662712
0.7484123106985833,15.595834201293286
0.7489008304836345,15.805427847889732
0.7493893502686859,15.939777553972855
0.7498778700537372,15.99758819498452
0.7503663898387885,3.5687747599977686
0.7508549096238397,3.56703176869665
0.7513434294088911,3.565289628673317
0.7518319491939424,3.5635483395120056
0.7523204689789936,3.5618079007971537
0.7528089887640449,3.560068312113404
0.7532975085490963,3.5583295730455986
0.7537860283341475,3.556591683178788
0.7542745481191988,3.554854642098219
0.7547630679042501,3.553118449389346
0.7552515876893015,3.5513831046378224
0.7557401074743527,3.5496486074295066
0.756228627259404,3.547914957350458
0.7567171470444553,3.546182153986938
0.7572056668295066,3.5444501969254096
0.7576941866145579,3.5427190857525392
0.7581827063996092,3.540988820055195
0.7586712261846604,3.5392593994204447
0.7591597459697118,3.537530823435561
0.7596482657547631,3.5358030916880154
0.7601367855398143,3.5340762037654825
0.7606253053248656,3.5323501592558375
0.761113825109917,3.5306249577471562
0.7616023448949683,3.528900598827719
0.7620908646800195,3.527177082086003
0.7625793844650708,3.525454407110689
0.7630679042501222,3.5237325734906566
0.7635564240351734,3.522011580814989
0.7640449438202247,3.5202914286729685
0.764533463605276,3.5185721166540773
0.7650219833903273,3.516853644347999
0.7655105031753786,3.515136011344618
0.7659990229604299,3.5134192172340177
0.7664875427454811,3.5117032616064834
0.7669760625305325,3.5099881440524983
0.7674645823155838,3.508273864162748
0.767953102100635,3.5065604215281163
0.7684416218856863,3.5048478157396876
0.7689301416707377,3.503136046388745
0.769418661455789,3.5014251130667735
0.7699071812408402,3.4997150153654557
0.7703957010258915,3.4980057528766735
0.7708842208109429,3.4962973251925087
0.7713727405959941,3.494589731905243
0.7718612603810454,3.4928829726073563
0.7723497801660967,3.491177046891528
0.7728382999511481,3.4894719543506354
0.7733268197361993,3.4877676945777565
0.7738153395212506,3.486064267166166
0.7743038593063019,3.484361671709339
0.7747923790913532,3.482659907800948
0.7752808988764045,3.4809589750348646
0.7757694186614558,3.4792588730051586
0.776257938446507,3.477559601306097
0.7767464582315584,3.4758611595321467
0.7772349780166097,3.474163547277972
0.777723497801661,3.4724667641384355
0.7782120175867122,3.470770809708596
0.7787005373717636,3.4690756835837115
0.7791890571568149,3.4673813853592383
0.7796775769418661,3.4656879146308293
0.7801660967269174,3.4639952709943342
0.7806546165119688,3.4623034540458018
0.78114313629702,3.4606124633814765
0.7816316560820713,3.458922298597802
0.7821201758671226,3.457232959291416
0.782608695652174,3.4555444450591564
0.7830972154372252,3.4538567554980557
0.7835857352222765,3.452169890205345
0.7840742550073277,3.4504838487784504
0.7845627747923791,3.4487986308149954
0.7850512945774304,3.447114235912801
0.7855398143624817,3.445430663669883
0.7860283341475329,3.4437479136844544
0.7865168539325843,3.4420659855549234
0.7870053737176356,3.4403848788798967
0.7874938935026868,3.438704593258175
0.7879824132877381,3.4370251282887554
0.7884709330727895,3.4353464835708305
0.7889594528578407,3.4336686587037897
0.789447972642892,3.431991653287217
0.7899364924279433,3.4303154669208924
0.7904250122129947,3.428640099204791
0.7909135319980459,3.426965549739085
0.7914020517830972,3.425291818124139
0.7918905715681485,3.4236189039605156
0.7923790913531998,3.4219468068489696
0.7928676111382511,3.4202755263904536
0.7933561309233024,3.418605062186114
0.7938446507083536,3.416935413837291
0.794333170493405,3.4152665809455205
0.7948216902784563,3.413598563112534
0.7953102100635075,3.411931359940255
0.7957987298485588,3.410264971030804
0.7962872496336102,3.4085993959864935
0.7967757694186615,3.4069346344098324
0.7972642892037127,3.405270685903522
0.797752808988764,3.403607550070459
0.7982413287738154,3.4019452265137327
0.7987298485588666,3.400283714836627
0.7992183683439179,3.39862301464262
0.7997068881289692,3.396963125535383
0.8001954079140206,3.3953040471187794
0.8006839276990718,3.3936457789968695
0.8011724474841231,3.391988320773904
0.8016609672691744,3.390331672054328
0.8021494870542257,3.3886758324427793
0.802638006839277,3.38702080154409
0.8031265266243283,3.385366578963284
0.8036150464093795,3.383713164305578
0.8041035661944309,3.3820605571763824
0.8045920859794822,3.3804087571813
0.8050806057645334,3.3787577639261257
0.8055691255495847,3.3771075770168477
0.8060576453346361,3.375458196059646
0.8065461651196874,3.3738096206608934
0.8070346849047386,3.3721618504271547
0.8075232046897899,3.370514884965187
0.8080117244748413,3.3688687238819384
0.8085002442598925,3.3672233667845517
0.8089887640449438,3.365578813280359
0.8094772838299951,3.3639350629768847
0.8099658036150464,3.362292115481845
0.8104543234000977,3.3606499704031494
0.810942843185149,3.3590086273488957
0.8114313629702002,3.3573680859273756
0.8119198827552516,3.3557283457470715
0.8124084025403029,3.354089406416656
0.8128969223253542,3.352451267544994
0.8133854421104054,3.350813928741141
0.8138739618954568,3.3491773896143435
0.8143624816805081,3.347541649774039
0.8148510014655593,3.345906708829856
0.8153395212506106,3.3442725663916124
0.815828041035662,3.342639222069317
0.8163165608207132,3.3410066754731713
0.8168050806057645,3.339374926213565
0.8172936003908158,3.3377439739010777
0.8177821201758672,3.33611381814648
0.8182706399609184,3.334484458560734
0.8187591597459697,3.3328558947549896
0.819247679531021,3.331228126340587
0.8197361993160723,3.329601152929058
0.8202247191011236,3.327974974132122
0.8207132388861749,3.3263495895616884
0.8212017586712261,3.324724998829857
0.8216902784562775,3.323101201548917
0.8221787982413288,3.321478197331346
0.82266731802638,3.319855985789812
0.8231558378114313,3.3182345665371713
0.8236443575964827,3.3166139391864693
0.824132877381534,3.3149941033509416
0.8246213971665852,3.3133750586440116
0.8251099169516365,3.311756804679291
0.8255984367366879,3.310139341070581
0.8260869565217391,3.308522667431873
0.8265754763067904,3.306906783377343
0.8270639960918417,3.3052916885213595
0.827552515876893,3.3036773824784764
0.8280410356619443,3.3020638648634377
0.8285295554469956,3.3004511352911745
0.8290180752320468,3.298839193376806
0.8295065950170982,3.2972280387356405
0.8299951148021495,3.295617670983173
0.8304836345872008,3.2940080897350867
0.830972154372252,3.2923992946072524
0.8314606741573034,3.2907912852157275
0.8319491939423547,3.28918406117676
0.8324377137274059,3.287577622106783
0.8329262335124572,3.285971967622417
0.8334147532975086,3.284367097340468
0.8339032730825598,3.282763010877934
0.8343917928676111,3.2811597078519967
0.8348803126526624,3.2795571878800245
0.8353688324377138,3.2779554505795736
0.835857352222765,3.276354495568387
0.8363458720078163,3.274754322464394
0.8368343917928676,3.2731549308857115
0.8373229115779189,3.2715563204506415
0.8378114313629702,3.269958490777673
0.8382999511480215,3.2683614414854816
0.8387884709330727,3.266765172192929
0.8392769907181241,3.2651696825190624
0.8397655105031754,3.2635749720831173
0.8402540302882266,3.2619810405045118
0.8407425500732779,3.2603878874028527
0.8412310698583293,3.2587955123979304
0.8417195896433806,3.2572039151097236
0.8422081094284318,3.255613095158394
0.8426966292134831,3.25402305216429
0.8431851489985345,3.2524337857479457
0.8436736687835857,3.25084529553008
0.844162188568637,3.2492575811315967
0.8446507083536883,3.247670642173586
0.8451392281387397,3.246084478277322
0.8456277479237909,3.244499089064264
0.8461162677088422,3.2429144741560565
0.8466047874938935,3.2413306331745293
0.8470933072789448,3.2397475657416943
0.8475818270639961,3.2381652714797524
0.8480703468490474,3.2365837500110852
0.8485588666340986,3.2350030009582604
0.84904738641915,3.233423023944029
0.8495359062042013,3.2318438185913285
0.8500244259892525,3.2302653845232783
0.8505129457743038,3.2286877213631824
0.8510014655593552,3.2271108287345287
0.8514899853444065,3.2255347062609903
0.8519785051294577,3.223959353566422
0.852467024914509,3.2223847702748643
0.8529555446995604,3.2208109560105393
0.8534440644846116,3.219237910397855
0.8539325842696629,3.2176656330614004
0.8544211040547142,3.21609412362595
0.8549096238397655,3.214523381716459
0.8553981436248168,3.2129534069580696
0.8558866634098681,3.2113841989761034
0.8563751831949193,3.209815757396067
0.8568637029799707,3.2082480818436485
0.857352222765022,3.206681171944721
0.8578407425500733,3.2051150273253377
0.8583292623351245,3.2035496476117364
0.8588177821201759,3.2019850324303363
0.8593063019052272,3.2004211814077403
0.8597948216902784,3.198858094170732
0.8602833414753297,3.1972957703462788
0.8607718612603811,3.195734209561529
0.8612603810454323,3.194173411443814
0.8617489008304836,3.1926133756206467
0.8622374206155349,3.1910541017197227
0.8627259404005863,3.189495589368917
0.8632144601856375,3.187937838196291
0.8637029799706888,3.186380847830083
0.8641914997557401,3.1848246178987147
0.8646800195407914,3.1832691480307895
0.8651685393258427,3.181714437855093
0.865657059110894,3.180160487000591
0.8661455788959452,3.1786072950964295
0.8666340986809966,3.177054861771938
0.8671226184660479,3.1755031866566252
0.8676111382510991,3.173952269380181
0.8680996580361504,3.1724021095724777
0.8685881778212018,3.1708527068635664
0.8690766976062531,3.1693040608836798
0.8695652173913043,3.167756171263231
0.8700537371763556,3.1662090376328136
0.870542256961407,3.1646626596232013
0.8710307767464582,3.16311703686535
0.8715192965315095,3.1615721689903933
0.8720078163165608,3.1600280556296463
0.8724963361016121,3.1584846964146034
0.8729848558866634,3.15694209097694
0.8734733756717147,3.1554002389485114
0.873961895456766,3.1538591399613516
0.8744504152418173,3.1523187936476744
0.8749389350268686,3.1507791996398744
0.8754274548119199,3.1492403575705246
0.8759159745969711,3.147702267072378
0.8764044943820225,3.1461649277783676
0.8768930141670738,3.1446283393216037
0.877381533952125,3.143092501335378
0.8778700537371763,3.14155741345316
0.8783585735222277,3.1400230753085974
0.878847093307279,3.1384894865355197
0.8793356130923302,3.136956646767933
0.8798241328773815,3.135424555640023
0.8803126526624329,3.1338932127861523
0.8808011724474841,3.1323626178408652
0.8812896922325354,3.130832770438882
0.8817782120175867,3.1293036702151023
0.882266731802638,3.1277753168046036
0.8827552515876893,3.126247709842642
0.8832437713727406,3.1247208489646527
0.8837322911577918,3.1231947338062467
0.8842208109428432,3.1216693640032145
0.8847093307278945,3.1201447391915242
0.8851978505129457,3.118620859007322
0.885686370297997,3.117097723086931
0.8861748900830484,3.1155753310668524
0.8866634098680997,3.1140536825837652
0.8871519296531509,3.112532777274526
0.8876404494382022,3.111012614776168
0.8881289692232536,3.109493194725901
0.8886174890083048,3.1079745167611144
0.8891060087933561,3.1064565805193727
0.8895945285784074,3.104939385638418
0.8900830483634588,3.1034229317561697
0.89057156814851,3.1019072185107235
0.8910600879335613,3.100392245540352
0.8915486077186126,3.098878012483504
0.8920371275036639,3.097364518978806
0.8925256472887152,3.0958517646650603
0.8930141670737665,3.0943397491812457
0.8935026868588177,3.092828472166517
0.8939912066438691,3.0913179332602048
0.8944797264289204,3.0898081321018185
0.8949682462139716,3.088299068331041
0.8954567659990229,3.086790741587731
0.8959452857840743,3.085283151511924
0.8964338055691256,3.083776297743832
0.8969223253541768,3.082270179923842
0.8974108451392281,3.0807647976925163
0.8978993649242795,3.079260150690593
0.8983878847093307,3.0777562385589854
0.898876404494382,3.076253060938783
0.8993649242794333,3.07475061747125
0.8998534440644846,3.0732489077978253
0.9003419638495359,3.0717479315601244
0.9008304836345872,3.0702476883999363
0.9013190034196384,3.068748177959226
0.9018075232046898,3.0672493998801316
0.9022960429897411,3.0657513538049694
0.9027845627747924,3.0642540393762276
0.9032730825598436,3.0627574562365694
0.903761602344895,3.0612616040288323
0.9042501221299463,3.05976648239603
0.9047386419149975,3.0582720909813492
0.9052271617000488,3.0567784294281504
0.9057156814851002,3.0552854973799697
0.9062042012701514,3.0537932944805153
0.9066927210552027,3.0523018203736716
0.907181240840254,3.0508110747034958
0.9076697606253054,3.0493210571142186
0.9081582804103566,3.0478317672502455
0.9086468001954079,3.046343204756155
0.9091353199804592,3.0448553692766986
0.9096238397655105,3.0433682604568024
0.9101123595505618,3.041881877941566
0.9106008793356131,3.040396221376262
0.9110893991206643,3.0389112904063356
0.9115779189057157,3.0374270846774047
0.912066438690767,3.0359436038352636
0.9125549584758182,3.0344608475258754
0.9130434782608695,3.0329788153953787
0.9135319980459209,3.0314975070900836
0.9140205178309722,3.030016922256474
0.9145090376160234,3.0285370605412063
0.9149975574010747,3.0270579215911084
0.9154860771861261,3.025579505053182
0.9159745969711773,3.0241018105746003
0.9164631167562286,3.022624837802709
0.9169516365412799,3.021148586385027
0.9174401563263312,3.019673055969243
0.9179286761113825,3.0181982462032213
0.9184171958964338,3.016724156734995
0.918905715681485,3.015250787212771
0.9193942354665364,3.0137781372849264
0.9198827552515877,3.0123062066000115
0.920371275036639,3.010834994806748
0.9208597948216902,3.0093645015540287
0.9213483146067416,3.007894726490918
0.9218368343917929,3.0064256692666516
0.9223253541768441,3.0049573295306367
0.9228138739618954,3.0034897069324518
0.9233023937469468,3.0020228011218464
0.923790913531998,3.0005566117487414
0.9242794333170493,2.9990911384632275
0.9247679531021006,2.9976263809155683
0.925256472887152,2.9961623387561955
0.9257449926722032,2.994699011635715
0.9262335124572545,2.9932363992049003
0.9267220322423058,2.9917745011146972
0.9272105520273571,2.9903133170162204
0.9276990718124084,2.9888528465607576
0.9281875915974597,2.987393089399764
0.9286761113825109,2.9859340451848673
0.9291646311675623,2.984475713567863
0.9296531509526136,2.9830180942007187
0.9301416707376648,2.9815611867355707
0.9306301905227161,2.9801049908247266
0.9311187103077675,2.978649506120662
0.9316072300928188,2.977194732276024
0.93209574987787,2.975740668943628
0.9325842696629213,2.9742873157764596
0.9330727894479727,2.972834672427673
0.9335613092330239,2.9713827385505938
0.9340498290180752,2.9699315137987155
0.9345383488031265,2.9684809978257003
0.9350268685881779,2.9670311902853803
0.9355153883732291,2.9655820908317576
0.9360039081582804,2.964133699119002
0.9364924279433317,2.9626860148014518
0.936980947728383,2.9612390375336157
0.9374694675134343,2.95979276697017
0.9379579872984856,2.958347202765959
0.9384465070835368,2.956902344575998
0.9389350268685882,2.955458192055468
0.9394235466536395,2.954014744859721
0.9399120664386907,2.952572002644275
0.940400586223742,2.9511299650648177
0.9408891060087934,2.949688631777204
0.9413776257938447,2.948248002437458
0.9418661455788959,2.946808076701772
0.9423546653639472,2.945368854226504
0.9428431851489986,2.9439303346681815
0.9433317049340498,2.9424925176835
0.9438202247191011,2.9410554029293228
0.9443087445041524,2.9396189900626792
0.9447972642892037,2.9381832787407673
0.945285784074255,2.9367482686209523
0.9457743038593063,2.9353139593607667
0.9462628236443575,2.93388035061791
0.9467513434294089,2.93244744205025
0.9472398632144602,2.9310152333158204
0.9477283829995115,2.929583724072822
0.9482169027845627,2.9281529139796234
0.9487054225696141,2.9267228026947585
0.9491939423546654,2.92529338987693
0.9496824621397166,2.9238646751850066
0.9501709819247679,2.922436658278022
0.9506595017098193,2.9210093388151783
0.9511480214948705,2.9195827164558437
0.9516365412799218,2.9181567908595527
0.9521250610649731,2.9167315616860052
0.9526135808500245,2.9153070285950684
0.9531021006350757,2.913883191246775
0.953590620420127,2.912460049301324
0.9540791402051783,2.9110376024190807
0.9545676599902296,2.909615850260576
0.9550561797752809,2.9081947924865053
0.9555446995603322,2.906774428757732
0.9560332193453834,2.9053547587352835
0.9565217391304348,2.903935782080353
0.9570102589154861,2.902517498454301
0.9574987787005373,2.9010999075186508
0.9579872984855886,2.899683008935092
0.95847581827064,2.898266802365479
0.9589643380556913,2.8968512874718333
0.9594528578407425,2.8954364639163392
0.9599413776257938,2.894022331361347
0.9604298974108452,2.892608889469371
0.9609184171958964,2.8911961379030924
0.9614069369809477,2.8897840763253546
0.961895456765999,2.8883727043991674
0.9623839765510503,2.8869620217877046
0.9628724963361016,2.8855520281543043
0.9633610161211529,2.8841427231624697
0.9638495359062041,2.882734106475868
0.9643380556912555,2.8813261777583294
0.9648265754763068,2.879918936673851
0.9653150952613581,2.878512382886592
0.9658036150464093,2.8771065160608758
0.9662921348314607,2.87570133586119
0.966780654616512,2.8742968419521864
0.9672691744015632,2.8728930339986807
0.9677576941866145,2.8714899116656514
0.9682462139716659,2.8700874746182414
0.9687347337567171,2.8686857225217564
0.9692232535417684,2.8672846550416664
0.9697117733268197,2.8658842718436044
0.9702002931118711,2.864484572593367
0.9706888128969223,2.863085556956913
0.9711773326819736,2.8616872246003657
0.9716658524670249,2.8602895751900106
0.9721543722520762,2.858892608392296
0.9726428920371275,2.8574963238738347
0.9731314118221788,2.856100721301401
0.97361993160723,2.854705800341931
0.9741084513922814,2.853311560662525
0.9745969711773327,2.851918001930447
0.975085490962384,2.85052512381312
0.9755740107474352,2.849132925978133
0.9760625305324866,2.8477414080932344
0.9765510503175379,2.8463505698263374
0.9770395701025891,2.8449604108455153
0.9775280898876404,2.843570930819005
0.9780166096726918,2.842182129415205
0.978505129457743,2.840794006302675
0.9789936492427943,2.8394065611501382
0.9794821690278456,2.838019793626478
0.979970688812897,2.836633703400739
0.9804592085979482,2.8352482901421308
0.9809477283829995,2.8338635535200214
0.9814362481680508,2.832479493203941
0.9819247679531021,2.8310961088635804
0.9824132877381534,2.829713400168795
0.9829018075232047,2.828331366789598
0.9833903273082559,2.8269500083961647
0.9838788470933073,2.8255693246588325
0.9843673668783586,2.824189315248098
0.9848558866634098,2.8228099798346205
0.9853444064484611,2.821431318089219
0.9858329262335125,2.8200533296828745
0.9863214460185638,2.818676014286727
0.986809965803615,2.8172993715720778
0.9872984855886663,2.81592340121039
0.9877870053737177,2.8145481028732844
0.9882755251587689,2.813173476232546
0.9887640449438202,2.811799520960117
0.9892525647288715,2.8104262367281003
0.9897410845139228,2.8090536232087597
0.9902296042989741,2.8076816800745195
0.9907181240840254,2.8063104069979627
0.9912066438690766,2.804939803651833
0.991695163654128,2.8035698697090337
0.9921836834391793,2.802200604842628
0.9926722032242306,2.800832008725838
0.9931607230092818,2.799464081032047
0.9936492427943332,2.7980968214347963
0.9941377625793845,2.796730229607787
0.9946262823644357,2.795364305224881
0.995114802149487,2.793999047960097
0.9956033219345384,2.792634457487614
0.9960918417195896,2.791270533481772
0.9965803615046409,2.789907275617067
0.9970688812896922,2.7885446835681558
0.9975574010747436,2.7871827570098526
0.9980459208597948,2.7858214956171334
0.9985344406448461,2.78446089906513
0.9990229604298974,2.783100967029134
0.9995114802149487,2.781741699184595
1.0,2.7803830952071222
